epoch_pipes,epoch_loss_clip,epoch_loss_val,epoch_loss_ent,epoch_loss_tot,epoch_test_pipes
0.025477707006369428,0.002400767640210688,0.636746983975172,0.639215599745512,0.30958057194948196,0
0.025806451612903226,0.012181251193396747,0.3857525121420622,0.6410232074558735,0.17428476875647902,0
